S1,S2,S3,S4
0.636160937851304,0.0434756877345561,0.0574062378352365,0.004209863406053321
0.177071288801773,0.0148375308014999,0.0309428067280128,0.009295586941792779
0.993079052823109,0.985497447321909,0.00117016748455516,0.00315546475523381
0.6362714580715789,0.0432480199586894,0.0571818857485972,0.0041985876491687
0.6362714580715789,0.0432480199586894,0.0571818857485972,0.0041985876491687
0.9937292302337758,0.9861392736920279,0.000915667176711325,0.000257961135571446
0.9918060451457809,0.032220343660361,0.959092535370289,0.000994406664438708
0.608867382343766,0.0419561626816772,0.055173451171064,0.0497483896932406
0.999999989681355,0.999999160086702,0.99999190039212,0.9999975397695919
0.992720907164838,0.00066610915931878,0.986979939777992,7.73419761243262e-05
0.9999998943734499,0.999988552199165,0.99988960444125,0.9999770375198521
0.994430977832662,0.947627408555522,0.10544720448365301,0.0691605442131822
0.39810316516171396,0.279444058831466,0.0226526099035543,0.0068526103308847
0.432702788498185,0.42931108494402,0.018951363090933,0.00546421983634302
0.9999946602779971,0.999995313472502,0.9994819083963651,0.9999429430935509
0.6362714580715789,0.0432480199586894,0.0571818857485972,0.0041985876491687
0.854042861165712,0.6160936461568071,0.0836511991187033,0.0710465364703543
0.28546455720521596,0.009586225214655991,0.418583767770608,0.00653509338284158
0.160574307806314,0.0134593442414849,0.0280118624395618,0.103225191074064
0.93308409024406,0.2519325838135,0.58380541344186,0.0011858168008690802
0.999999989681355,0.999999160086702,0.99999190039212,0.9999975397695919
0.9305945166081541,0.34799897383045897,0.5095314529861039,0.00122860301161473
0.9937292302337758,0.9861392736920279,0.000915667176711325,0.000257961135571446
0.9960792739469041,0.5045479240478279,0.99020482417783,0.504971460873989
0.9999972869399351,0.9999556968774491,0.999989677209105,0.999954421227549
0.28491377664520695,0.00955640335733679,0.41892692446674296,0.00576942639682152
0.276198181733186,0.0113776807845463,0.391711488638797,0.0746730760401618
0.17822693871019601,0.0155326614525733,0.0315108041863757,0.0107696454586204
0.9920577799702829,0.00448359657914685,0.9863878902960409,0.00392080635438791
0.177071288801773,0.0148375308014999,0.0309428067280128,0.009295586941792779
0.9999884605305721,0.999978708186543,0.99960495438474,0.99974899739861
0.993079052823109,0.985497447321909,0.00117016748455516,0.00315546475523381
0.9455564997076459,0.94636315593234,0.00701006900950128,0.0112637806809418
0.561766305448693,0.0144315045109064,0.4835257829597411,0.0116065478444202
0.8517331770208959,0.38407423271702296,0.3636497480852321,0.00144720486575014
0.638004399048696,0.0434305691549382,0.0569547636728504,0.00894296394525105
0.911494054756635,0.0105729113326263,0.770584381550104,0.00103652974023039
0.9937292302337758,0.9861392736920279,0.000915667176711325,0.000257961135571446
0.608633896797231,0.0413867191651747,0.0546093605124376,0.0491810601051982
0.9437422186915431,0.000796923903348411,0.954285392657095,0.00045691845386999807
0.9928169927875441,0.981182134878685,0.3981452363792489,0.38459090504504295
0.9519085092261049,0.9517242108520328,0.00358682823609412,0.0172288335011246
0.992720907164838,0.00066610915931878,0.986979939777992,7.73419761243262e-05
0.999999869481581,0.9999989107362149,0.9998172378562741,0.9999803508764079
0.992720907164838,0.00066610915931878,0.986979939777992,7.73419761243262e-05
0.8431903060680609,0.587527598566683,0.0246961302275511,0.0019239096494903399
0.999999036270825,0.9999892026788829,0.99998248891205,0.999968978948808
0.9920904428252021,0.0008839113805108019,0.986338670303628,0.000947996045643442
0.9930874925048649,0.0509900486017999,0.9703320319984201,0.0317874476635808
0.608633896797231,0.0413867191651747,0.0546093605124376,0.0491810601051982
0.5588461949377621,0.007984349171108409,0.48050996116978006,0.00499228618222799
0.9965913907134358,0.99244723580164,0.0536268216068104,0.45772863064013
0.7625626108508,0.0218994757154617,0.5788519104568001,0.0020086473816264302
0.76398347180324,0.0195469336957364,0.577838958768728,0.00188940830487734
0.999911736093408,0.9998087642595309,0.9760381164714129,0.986258638638905
0.82704248315192,0.576357351048153,0.0243225308369289,0.0231014927013939
0.84622569170233,0.623553539815461,0.0345393437788325,0.131933515329519
0.8612422778115191,0.693293916813844,0.0194391765078581,0.0022932636741444397
0.160547398862565,0.0139019523866437,0.0284479416464051,0.10321680562819802
0.7625626108508,0.0218994757154617,0.5788519104568001,0.0020086473816264302
0.97432695634398,0.9337619415878141,0.8432422599951892,0.8549926072583349
0.999999664228345,0.9999726689814841,0.9999915060745109,0.9999710410292929
0.177082959544044,0.0148514440560119,0.0309565573000488,0.00930964468006939
0.999999869481581,0.9999989107362149,0.9998172378562741,0.9999803508764079
0.8431903060680609,0.587527598566683,0.0246961302275511,0.0019239096494903399
0.9937292302337758,0.9861392736920279,0.000915667176711325,0.000257961135571446
0.993786751903172,0.9862033055959959,0.00196510495996028,0.00942857864895288
0.9927282622581171,0.00167175430025139,0.9869930973351559,0.0010878242095617699
0.951257474055289,0.9509660538352349,0.00284157889204961,0.00179476917899048
0.9999993431872809,0.999998312053386,0.999484435654147,0.9999473018745859
0.8597994474502609,0.498946983939969,0.30006337030999797,0.0012964794017362
0.86112941845606,0.693044523277314,0.0186416256437532,0.00148176697693176
0.177071288801773,0.0148375308014999,0.0309428067280128,0.009295586941792779
0.9920904428252021,0.0008839113805108019,0.986338670303628,0.000947996045643442
0.635423290160273,0.18062611640079998,0.40832867653848,0.00752819483274265
0.177071288801773,0.0148375308014999,0.0309428067280128,0.009295586941792779
0.9999946602779971,0.999995313472502,0.9994819083963651,0.9999429430935509
0.177071288801773,0.0148375308014999,0.0309428067280128,0.009295586941792779
0.9937292302337758,0.9861392736920279,0.000915667176711325,0.000257961135571446
0.398305457136103,0.27968618842390897,0.0229810948491545,0.007186405631894491
0.5588839757590041,0.00860658362110765,0.480835807438759,0.00510573371793249
0.748668616721313,0.0192854146350076,0.565902260501288,0.0226958511181591
0.9912849252174599,0.0423187329192331,0.958864785776415,0.0120640868544604
0.9516303543569429,0.951280731348025,0.0026989315995269198,0.00943103235577594
0.911494054756635,0.0105729113326263,0.770584381550104,0.00103652974023039
0.747657899261138,0.0229239901107688,0.567512818162604,0.0240964680435654
0.636289993044972,0.0432965650396925,0.0572299373583195,0.00424933960238625
0.8431903060680609,0.587527598566683,0.0246961302275511,0.0019239096494903399
0.6365299693763,0.0439767128195695,0.0572246245114908,0.00495702180469885
0.9937292302337758,0.9861392736920279,0.000915667176711325,0.000257961135571446
0.622535267395346,0.28673975318653805,0.34723588641884995,0.0039622291276974
0.992720907164838,0.00066610915931878,0.986979939777992,7.73419761243262e-05
0.992720907164838,0.00066610915931878,0.986979939777992,7.73419761243262e-05
0.9930977081230942,0.134148558728597,0.987475206296437,0.13434413786943303
0.177071288801773,0.0148375308014999,0.0309428067280128,0.009295586941792779
0.992720907164838,0.00066610915931878,0.986979939777992,7.73419761243262e-05
0.6362714580715789,0.0432480199586894,0.0571818857485972,0.0041985876491687
0.177071288801773,0.0148375308014999,0.0309428067280128,0.009295586941792779
0.999998259914093,0.99998518629503,0.997514482244655,0.9997433217312109
0.9937292302337758,0.9861392736920279,0.000915667176711325,0.000257961135571446
0.39810316516171396,0.279444058831466,0.0226526099035543,0.0068526103308847
0.9998550347807791,0.9984707505613429,0.999480247489945,0.9983437729643678
0.177001716390758,0.0152878991772255,0.0313858125547312,0.00929475273392114
0.999993704274648,0.999454886644894,0.999092847436852,0.998397113103546
0.999991782041927,0.999982621282608,0.9884925694933291,0.9988655733778969
0.9115639002849131,0.011350424420663998,0.770765429397472,0.00182488141006004
0.9291652545409979,0.40409746725671297,0.549417183100782,0.0830270903631372
0.9997585470981171,0.997414018420784,0.999773088261109,0.997205857394345
0.9927279551882621,0.00156927460528768,0.9869271289443271,0.00104552282990005
0.9920904428252021,0.0008839113805108019,0.986338670303628,0.000947996045643442
0.177071288801773,0.0148375308014999,0.0309428067280128,0.009295586941792779
0.999993787091016,0.9999489175399721,0.9989784450152521,0.99906466675282
0.999991782041927,0.999982621282608,0.9884925694933291,0.9988655733778969
0.9999933193809709,0.999977140272841,0.993017752940868,0.999298990397708
0.177071288801773,0.0148375308014999,0.0309428067280128,0.009295586941792779
0.9935936751792671,0.986154581514495,0.00201905853275211,0.000546463501402196
0.9958604345506691,0.5110801439324449,0.5340625007944539,0.0154513775281847
0.398305457136103,0.27968618842390897,0.0229810948491545,0.007186405631894491
0.9996148189559929,0.951185683004528,0.998317568024587,0.950392625785541
0.177001716390758,0.0152878991772255,0.0313858125547312,0.00929475273392114
0.9724810184639521,0.9390230548171291,0.7052738494827071,0.802553039242184
0.6362714580715789,0.0432480199586894,0.0571818857485972,0.0041985876491687
0.177071288801773,0.0148375308014999,0.0309428067280128,0.009295586941792779
0.999999989681355,0.999999160086702,0.99999190039212,0.9999975397695919
0.178166178059567,0.0149263082069503,0.030914292200412998,0.0106136982250016
0.160574307806314,0.0134593442414849,0.0280118624395618,0.103225191074064
0.177071288801773,0.0148375308014999,0.0309428067280128,0.009295586941792779
0.848809612541438,0.6831869247810191,0.0185081349280159,0.0178796170369206
0.9999998943734499,0.999988552199165,0.99988960444125,0.9999770375198521
0.999999869481581,0.9999989107362149,0.9998172378562741,0.9999803508764079
0.9437422186915431,0.000796923903348411,0.954285392657095,0.00045691845386999807
0.8517331770208959,0.38407423271702296,0.3636497480852321,0.00144720486575014
0.284776521627662,0.00936706849036604,0.418815322684908,0.00557847295526595
0.9937292302337758,0.9861392736920279,0.000915667176711325,0.000257961135571446
0.5588461949377621,0.007984349171108409,0.48050996116978006,0.00499228618222799
0.9937292302337758,0.9861392736920279,0.000915667176711325,0.000257961135571446
0.6362714580715789,0.0432480199586894,0.0571818857485972,0.0041985876491687
0.285029796988072,0.0180050089949121,0.423883549234104,0.0081597240685484
0.992720907164838,0.00066610915931878,0.986979939777992,7.73419761243262e-05
0.9796516817008459,0.9559696618932991,0.8595183037367259,0.870011385222165
0.86112941845606,0.693044523277314,0.0186416256437532,0.00148176697693176
0.6362714580715789,0.0432480199586894,0.0571818857485972,0.0041985876491687
0.177071288801773,0.0148375308014999,0.0309428067280128,0.009295586941792779
0.998363635987989,0.8070097724802859,0.98761117993834,0.800795696615088
0.999997270254751,0.999971136123759,0.999990212888859,0.9999688126988149
0.9937292302337758,0.9861392736920279,0.000915667176711325,0.000257961135571446
0.911494054756635,0.0105729113326263,0.770584381550104,0.00103652974023039
0.9927282622581171,0.00167175430025139,0.9869930973351559,0.0010878242095617699
0.636289993044972,0.0432965650396925,0.0572299373583195,0.00424933960238625
0.8431903060680609,0.587527598566683,0.0246961302275511,0.0019239096494903399
0.999970293924847,0.997550837941882,0.999886196887052,0.9974049553895441
0.9927279551882621,0.00156927460528768,0.9869271289443271,0.00104552282990005
0.9921873031169429,0.013068988437655,0.986505984899407,0.0131836997377137
0.911494054756635,0.0105729113326263,0.770584381550104,0.00103652974023039
0.999999869481581,0.9999989107362149,0.9998172378562741,0.9999803508764079
0.999970145194383,0.9962456108445791,0.999870601398278,0.9961152144597649
0.608867382343766,0.0419561626816772,0.055173451171064,0.0497483896932406
0.8443380458666259,0.5886649824520319,0.0251468748340662,0.00922914456301984
0.9927282622581171,0.00167175430025139,0.9869930973351559,0.0010878242095617699
0.177001716390758,0.0152878991772255,0.0313858125547312,0.00929475273392114
0.177071288801773,0.0148375308014999,0.0309428067280128,0.009295586941792779
0.6362714580715789,0.0432480199586894,0.0571818857485972,0.0041985876491687
0.177071288801773,0.0148375308014999,0.0309428067280128,0.009295586941792779
0.636160937851304,0.0434756877345561,0.0574062378352365,0.004209863406053321
0.9937292302337758,0.9861392736920279,0.000915667176711325,0.000257961135571446
0.9998550347807791,0.9984707505613429,0.999480247489945,0.9983437729643678
0.177071288801773,0.0148375308014999,0.0309428067280128,0.009295586941792779
0.9115639002849131,0.011350424420663998,0.770765429397472,0.00182488141006004
0.8433018886270369,0.5878210152715361,0.0253901439229635,0.00263412776431085
0.9115064168460849,0.0112469561835753,0.770740670394542,0.0012259568531883698
0.9242246493837951,0.349434416318554,0.508084532006595,0.0148665474594584
0.999995488847145,0.999428524432583,0.999881951790275,0.9994192400084201
0.6362714580715789,0.0432480199586894,0.0571818857485972,0.0041985876491687
0.638100219286546,0.0442017598925287,0.0577150511417295,0.00951747747555124
0.636160937851304,0.0434756877345561,0.0574062378352365,0.004209863406053321
0.951201716768636,0.950909966153055,0.00170090838217675,0.000652901201449643
0.9999933193809709,0.999977140272841,0.993017752940868,0.999298990397708
0.6362714580715789,0.0432480199586894,0.0571818857485972,0.0041985876491687
0.93308409024406,0.2519325838135,0.58380541344186,0.0011858168008690802
0.608633896797231,0.0413867191651747,0.0546093605124376,0.0491810601051982
0.43369783677407303,0.422781337715801,0.0212103337202081,0.103081910546819
0.6362714580715789,0.0432480199586894,0.0571818857485972,0.0041985876491687
0.6362714580715789,0.0432480199586894,0.0571818857485972,0.0041985876491687
0.160574307806314,0.0134593442414849,0.0280118624395618,0.103225191074064
0.993786751903172,0.9862033055959959,0.00196510495996028,0.00942857864895288
0.608633896797231,0.0413867191651747,0.0546093605124376,0.0491810601051982
0.177071288801773,0.0148375308014999,0.0309428067280128,0.009295586941792779
0.8612422778115191,0.693293916813844,0.0194391765078581,0.0022932636741444397
0.636289993044972,0.0432965650396925,0.0572299373583195,0.00424933960238625
0.999999869481581,0.9999989107362149,0.9998172378562741,0.9999803508764079
0.9937292302337758,0.9861392736920279,0.000915667176711325,0.000257961135571446
0.6362714580715789,0.0432480199586894,0.0571818857485972,0.0041985876491687
0.6362714580715789,0.0432480199586894,0.0571818857485972,0.0041985876491687
0.6362714580715789,0.0432480199586894,0.0571818857485972,0.0041985876491687
0.992720907164838,0.00066610915931878,0.986979939777992,7.73419761243262e-05
0.5588461949377621,0.007984349171108409,0.48050996116978006,0.00499228618222799
0.177071288801773,0.0148375308014999,0.0309428067280128,0.009295586941792779
0.999999451192967,0.9999554388619009,0.999569214211636,0.9998691501722621
0.283177573874181,0.0154617925104461,0.42239097629006,0.005590115166216029
0.160574307806314,0.0134593442414849,0.0280118624395618,0.103225191074064
0.9920577799702829,0.00448359657914685,0.9863878902960409,0.00392080635438791
0.6362714580715789,0.0432480199586894,0.0571818857485972,0.0041985876491687
0.8431903060680609,0.587527598566683,0.0246961302275511,0.0019239096494903399
0.432702788498185,0.42931108494402,0.018951363090933,0.00546421983634302
0.994026850957877,0.943887728827703,0.0483338014183352,0.00161237706812794
0.999999881456909,0.99998973390791,0.999982919099141,0.999969819021321
0.177071288801773,0.0148375308014999,0.0309428067280128,0.009295586941792779
0.9920577799702829,0.00448359657914685,0.9863878902960409,0.00392080635438791
0.993786751903172,0.9862033055959959,0.00196510495996028,0.00942857864895288
0.9915199422564079,0.969693646109394,0.0455093559895799,0.0264847850623363
0.911494054756635,0.0105729113326263,0.770584381550104,0.00103652974023039
0.178166178059567,0.0149263082069503,0.030914292200412998,0.0106136982250016
0.993079052823109,0.985497447321909,0.00117016748455516,0.00315546475523381
0.999972067005202,0.999606733258815,0.999866651822093,0.9995948670716949
0.9927282622581171,0.00167175430025139,0.9869930973351559,0.0010878242095617699
0.608633896797231,0.0413867191651747,0.0546093605124376,0.0491810601051982
0.5588461949377621,0.007984349171108409,0.48050996116978006,0.00499228618222799
0.160574307806314,0.0134593442414849,0.0280118624395618,0.103225191074064
0.9391296784443399,0.000999785127884131,0.9496038898934251,0.00557670978361557
0.9999568465493481,0.996453570868721,0.996613704301721,0.9895785271690419
0.993079052823109,0.985497447321909,0.00117016748455516,0.00315546475523381
0.177071288801773,0.0148375308014999,0.0309428067280128,0.009295586941792779
0.8431903060680609,0.587527598566683,0.0246961302275511,0.0019239096494903399
0.9115639002849131,0.011350424420663998,0.770765429397472,0.00182488141006004
0.993786751903172,0.9862033055959959,0.00196510495996028,0.00942857864895288
0.9305945166081541,0.34799897383045897,0.5095314529861039,0.00122860301161473
0.9998263320083209,0.998232673475527,0.999393577279145,0.998261477648837
0.432702788498185,0.42931108494402,0.018951363090933,0.00546421983634302
0.608633896797231,0.0413867191651747,0.0546093605124376,0.0491810601051982
0.178166178059567,0.0149263082069503,0.030914292200412998,0.0106136982250016
0.76398347180324,0.0195469336957364,0.577838958768728,0.00188940830487734
0.178166178059567,0.0149263082069503,0.030914292200412998,0.0106136982250016
0.9999961437253722,0.9996660381455641,0.9999785659816819,0.999644850663684
0.9471167611749219,0.9468296217337491,0.0156465759629859,0.0215815664389838
0.9391296784443399,0.000999785127884131,0.9496038898934251,0.00557670978361557
0.178166178059567,0.0149263082069503,0.030914292200412998,0.0106136982250016
0.9988288981655391,0.9807280555067649,0.9989192150870791,0.9808756105015219
0.992665876357958,0.00153791678315791,0.986991298331793,0.000320754401709168
0.911494054756635,0.0105729113326263,0.770584381550104,0.00103652974023039
0.9999993431872809,0.999998312053386,0.999484435654147,0.9999473018745859
0.178884106723548,0.0216559942537006,0.0348792491549573,0.122785979047336
0.933370609022451,0.9206062333988051,0.0370281446121502,0.00108560739223521
0.9893376837009821,0.9574075218833041,0.7209872756799192,0.933998592164087
0.999999989681355,0.999999160086702,0.99999190039212,0.9999975397695919
0.951257474055289,0.9509660538352349,0.00284157889204961,0.00179476917899048
0.993079052823109,0.985497447321909,0.00117016748455516,0.00315546475523381
0.951257474055289,0.9509660538352349,0.00284157889204961,0.00179476917899048
0.999999989681355,0.999999160086702,0.99999190039212,0.9999975397695919
0.6362714580715789,0.0432480199586894,0.0571818857485972,0.0041985876491687
0.999997270254751,0.999971136123759,0.999990212888859,0.9999688126988149
0.992720907164838,0.00066610915931878,0.986979939777992,7.73419761243262e-05
0.177071288801773,0.0148375308014999,0.0309428067280128,0.009295586941792779
0.992665876357958,0.00153791678315791,0.986991298331793,0.000320754401709168
0.9305945166081541,0.34799897383045897,0.5095314529861039,0.00122860301161473
0.951257474055289,0.9509660538352349,0.00284157889204961,0.00179476917899048
0.935299310640942,0.9228472575429351,0.0575595791437352,0.030000892036001
0.9912849252174599,0.0423187329192331,0.958864785776415,0.0120640868544604
0.9998506955621199,0.99869881840577,0.9762911139202329,0.977454320870012
0.999989154741268,0.9986366916480299,0.999973113818727,0.9986403709690408
0.9437962619335319,0.00175287468059689,0.954329313209905,0.00141723480024624
0.999998814096909,0.9998601081387779,0.999767245511572,0.9997183718804459
0.9937292302337758,0.9861392736920279,0.000915667176711325,0.000257961135571446
0.6362714580715789,0.0432480199586894,0.0571818857485972,0.0041985876491687
0.6362714580715789,0.0432480199586894,0.0571818857485972,0.0041985876491687
0.608586339569782,0.041731081863223995,0.0549489732403575,0.0493071594321479
0.39810316516171396,0.279444058831466,0.0226526099035543,0.0068526103308847
0.911494054756635,0.0105729113326263,0.770584381550104,0.00103652974023039
0.76398347180324,0.0195469336957364,0.577838958768728,0.00188940830487734
0.9963919857794971,0.948448704909547,0.9464995830246659,0.898935691188337
0.911494054756635,0.0105729113326263,0.770584381550104,0.00103652974023039
0.992987139902305,0.0452744943767667,0.9701532254031501,0.00823437442192813
0.748668616721313,0.0192854146350076,0.565902260501288,0.0226958511181591
0.9791822676556291,0.963318896246268,0.963652731175777,0.9515208024992131
0.9014151369441509,0.0106392346167526,0.76185672196584,0.0125692219660016
0.6362714580715789,0.0432480199586894,0.0571818857485972,0.0041985876491687
0.177001716390758,0.0152878991772255,0.0313858125547312,0.00929475273392114
0.6362714580715789,0.0432480199586894,0.0571818857485972,0.0041985876491687
0.930573575855307,0.36230752391860904,0.520295076799459,0.007326560485247109
0.992720907164838,0.00066610915931878,0.986979939777992,7.73419761243262e-05
0.650323489513125,0.0760307029056122,0.0589690474187983,0.0427184442064057
0.999999916111628,0.9999991129781809,0.999991860650932,0.999997471288352
0.8612422778115191,0.693293916813844,0.0194391765078581,0.0022932636741444397
0.9937292302337758,0.9861392736920279,0.000915667176711325,0.000257961135571446
0.861613333264039,0.6944370626569409,0.0249660551443592,0.101051538948156
0.39810316516171396,0.279444058831466,0.0226526099035543,0.0068526103308847
0.40848312570767,0.405271772418129,0.0179352848642554,0.0631464627516645
0.268153640274983,0.00886800637552103,0.394085511901351,0.06438872663080099
0.911494054756635,0.0105729113326263,0.770584381550104,0.00103652974023039
0.9977015697606991,0.728533621467522,0.7412953749069409,0.45334453076485404
0.992987139902305,0.0452744943767667,0.9701532254031501,0.00823437442192813
0.9997547704435441,0.9993561949949159,0.998636960457343,0.998644811158772
0.9014151369441509,0.0106392346167526,0.76185672196584,0.0125692219660016
0.178276642454287,0.0163305648602178,0.0321869836728926,0.0107970860474028
0.6362714580715789,0.0432480199586894,0.0571818857485972,0.0041985876491687
0.7625626108508,0.0218994757154617,0.5788519104568001,0.0020086473816264302
0.911494054756635,0.0105729113326263,0.770584381550104,0.00103652974023039
0.992720907164838,0.00066610915931878,0.986979939777992,7.73419761243262e-05
0.9937367152233109,0.9861558152480442,0.00210821234003925,0.0014512913619140599
0.9937292302337758,0.9861392736920279,0.000915667176711325,0.000257961135571446
0.28546455720521596,0.009586225214655991,0.418583767770608,0.00653509338284158
0.9437422186915431,0.000796923903348411,0.954285392657095,0.00045691845386999807
0.9470861818436942,0.40662703617225393,0.9523905550256311,0.353736017485107
0.911494054756635,0.0105729113326263,0.770584381550104,0.00103652974023039
0.992720907164838,0.00066610915931878,0.986979939777992,7.73419761243262e-05
0.9997547704435441,0.9993561949949159,0.998636960457343,0.998644811158772
0.9997827683415409,0.9992566771999821,0.9926831404773689,0.9985855967178591
0.177071288801773,0.0148375308014999,0.0309428067280128,0.009295586941792779
0.8513832040006679,0.495513093979569,0.298527678396683,0.0156760510029297
0.992720907164838,0.00066610915931878,0.986979939777992,7.73419761243262e-05
0.608586339569782,0.041731081863223995,0.0549489732403575,0.0493071594321479
0.398305457136103,0.27968618842390897,0.0229810948491545,0.007186405631894491
0.951201716768636,0.950909966153055,0.00170090838217675,0.000652901201449643
0.6362714580715789,0.0432480199586894,0.0571818857485972,0.0041985876491687
0.8517331770208959,0.38407423271702296,0.3636497480852321,0.00144720486575014
0.608633896797231,0.0413867191651747,0.0546093605124376,0.0491810601051982
0.9964167162795329,0.990536722109365,0.96753816114216,0.9771952060044101
0.9937292302337758,0.9861392736920279,0.000915667176711325,0.000257961135571446
0.636160937851304,0.0434756877345561,0.0574062378352365,0.004209863406053321
0.990294196509298,0.841927955056544,0.989294037941937,0.8368806168046551
0.9014151369441509,0.0106392346167526,0.76185672196584,0.0125692219660016
0.9437422186915431,0.000796923903348411,0.954285392657095,0.00045691845386999807
0.160706489026025,0.013614042470571,0.0281649990157609,0.103366477802321
0.6362714580715789,0.0432480199586894,0.0571818857485972,0.0041985876491687
0.6362714580715789,0.0432480199586894,0.0571818857485972,0.0041985876491687
0.9433380380799671,0.0020408559726929998,0.9543423038771179,0.000687730449768613
0.177082959544044,0.0148514440560119,0.0309565573000488,0.00930964468006939
0.999999989681355,0.999999160086702,0.99999190039212,0.9999975397695919
0.398305457136103,0.27968618842390897,0.0229810948491545,0.007186405631894491
0.992720907164838,0.00066610915931878,0.986979939777992,7.73419761243262e-05
0.993079052823109,0.985497447321909,0.00117016748455516,0.00315546475523381
0.9999993431872809,0.999998312053386,0.999484435654147,0.9999473018745859
0.9920904428252021,0.0008839113805108019,0.986338670303628,0.000947996045643442
0.9124447202065219,0.0217275001302649,0.7731715240878041,0.0118160321870732
0.9938240551601359,0.9863779994163421,0.0028983142076731603,0.0174766939099375
0.999993787091016,0.9999489175399721,0.9989784450152521,0.99906466675282
0.992865370412034,0.0204992150384559,0.9693786968359029,0.0006754055148334901
0.9937367152233109,0.9861558152480442,0.00210821234003925,0.0014512913619140599
0.999999989681355,0.999999160086702,0.99999190039212,0.9999975397695919
0.911494054756635,0.0105729113326263,0.770584381550104,0.00103652974023039
0.172811993411956,0.0144522093161832,0.027742145432035,0.11629894885006901
0.177071288801773,0.0148375308014999,0.0309428067280128,0.009295586941792779
0.177234140728283,0.0150826640976785,0.0309591338798822,0.00954209921352927
0.6362714580715789,0.0432480199586894,0.0571818857485972,0.0041985876491687
0.8517331770208959,0.38407423271702296,0.3636497480852321,0.00144720486575014
0.8585102657524499,0.694210856165076,0.0223704743970432,0.00167213899979139
0.993786751903172,0.9862033055959959,0.00196510495996028,0.00942857864895288
0.39810316516171396,0.279444058831466,0.0226526099035543,0.0068526103308847
0.41337188235221706,0.308868726162453,0.29186515464526297,0.0469396826556528
0.9999990849412841,0.9999245566074642,0.99992099204771,0.999779015133097
0.638004399048696,0.0434305691549382,0.0569547636728504,0.00894296394525105
0.911494054756635,0.0105729113326263,0.770584381550104,0.00103652974023039
0.6362714580715789,0.0432480199586894,0.0571818857485972,0.0041985876491687
0.992720907164838,0.00066610915931878,0.986979939777992,7.73419761243262e-05
0.6362714580715789,0.0432480199586894,0.0571818857485972,0.0041985876491687
0.608867382343766,0.0419561626816772,0.055173451171064,0.0497483896932406
0.608867382343766,0.0419561626816772,0.055173451171064,0.0497483896932406
0.6362714580715789,0.0432480199586894,0.0571818857485972,0.0041985876491687
0.177071288801773,0.0148375308014999,0.0309428067280128,0.009295586941792779
0.9915627798109029,0.96978620194914,0.04254574855558701,0.0314024598315503
0.401041281062878,0.28299792811870195,0.0231100572569858,0.0117509337006425
0.608633896797231,0.0413867191651747,0.0546093605124376,0.0491810601051982
0.636160937851304,0.0434756877345561,0.0574062378352365,0.004209863406053321
0.9349895405425441,0.92253524635865,0.0604261061970784,0.0253568884832643
0.17872044294906303,0.0155878368097833,0.0315678748106377,0.0112809722095731
0.172811993411956,0.0144522093161832,0.027742145432035,0.11629894885006901
0.999998814096909,0.9998601081387779,0.999767245511572,0.9997183718804459
0.86112941845606,0.693044523277314,0.0186416256437532,0.00148176697693176
0.9965913907134358,0.99244723580164,0.0536268216068104,0.45772863064013
0.9124447202065219,0.0217275001302649,0.7731715240878041,0.0118160321870732
0.9900659554475029,0.18364394628345002,0.9649351174480909,0.13218722877222902
0.9920904428252021,0.0008839113805108019,0.986338670303628,0.000947996045643442
0.50887093273361,0.411635720217591,0.200352860764272,0.18964100481944302
0.177071288801773,0.0148375308014999,0.0309428067280128,0.009295586941792779
0.992720907164838,0.00066610915931878,0.986979939777992,7.73419761243262e-05
0.8431903060680609,0.587527598566683,0.0246961302275511,0.0019239096494903399
0.608633896797231,0.0413867191651747,0.0546093605124376,0.0491810601051982
0.178166178059567,0.0149263082069503,0.030914292200412998,0.0106136982250016
0.9849432941489509,0.9866148589829542,0.985850063180063,0.97784212502719
0.291934819383962,0.0185166497798532,0.42384867762017203,0.0155312357024127
0.86112941845606,0.693044523277314,0.0186416256437532,0.00148176697693176
0.17716011160348397,0.0154773597729211,0.0315722406073978,0.00948543262732801
0.993025367013897,0.125765652484359,0.97208461446138,0.0924412642284828
0.177071288801773,0.0148375308014999,0.0309428067280128,0.009295586941792779
0.284776521627662,0.00936706849036604,0.418815322684908,0.00557847295526595
0.9999787586472809,0.999915697254951,0.9994484332393171,0.999868589030254
0.177071288801773,0.0148375308014999,0.0309428067280128,0.009295586941792779
0.9997209050575151,0.975836213945822,0.9766150004213159,0.9289426394686371
0.9999943599021229,0.999511683422136,0.9995274236239691,0.9985640354699491
0.9937292302337758,0.9861392736920279,0.000915667176711325,0.000257961135571446
0.608633896797231,0.0413867191651747,0.0546093605124376,0.0491810601051982
0.9437962619335319,0.00175287468059689,0.954329313209905,0.00141723480024624
0.9937292302337758,0.9861392736920279,0.000915667176711325,0.000257961135571446
0.9459838218836559,0.12031626608563799,0.940417511223558,0.0921825833357151
0.622535267395346,0.28673975318653805,0.34723588641884995,0.0039622291276974
0.6362714580715789,0.0432480199586894,0.0571818857485972,0.0041985876491687
0.992720907164838,0.00066610915931878,0.986979939777992,7.73419761243262e-05
0.8200045169407819,0.5279295274277059,0.34054999180200396,0.00420526659738755
0.9927331745692042,0.00238535057733647,0.986993021990751,0.0017975963017759801
0.9937292302337758,0.9861392736920279,0.000915667176711325,0.000257961135571446
0.9937292302337758,0.9861392736920279,0.000915667176711325,0.000257961135571446
0.636289993044972,0.0432965650396925,0.0572299373583195,0.00424933960238625
0.86112941845606,0.693044523277314,0.0186416256437532,0.00148176697693176
0.911494054756635,0.0105729113326263,0.770584381550104,0.00103652974023039
0.8433018886270369,0.5878210152715361,0.0253901439229635,0.00263412776431085
0.999970145194383,0.9962456108445791,0.999870601398278,0.9961152144597649
0.9437422186915431,0.000796923903348411,0.954285392657095,0.00045691845386999807
0.6362714580715789,0.0432480199586894,0.0571818857485972,0.0041985876491687
0.999999881456909,0.99998973390791,0.999982919099141,0.999969819021321
0.9935936751792671,0.986154581514495,0.00201905853275211,0.000546463501402196
0.9942288992023129,0.9469915438864821,0.10097461984144,0.0180910789954824
0.6362714580715789,0.0432480199586894,0.0571818857485972,0.0041985876491687
0.177082959544044,0.0148514440560119,0.0309565573000488,0.00930964468006939
0.76398347180324,0.0195469336957364,0.577838958768728,0.00188940830487734
0.177071288801773,0.0148375308014999,0.0309428067280128,0.009295586941792779
0.999999989681355,0.999999160086702,0.99999190039212,0.9999975397695919
0.999999664228345,0.9999726689814841,0.9999915060745109,0.9999710410292929
0.9116223487911491,0.0120574686136179,0.7707643924308071,0.00253539560938315
0.6362714580715789,0.0432480199586894,0.0571818857485972,0.0041985876491687
0.25327218134835,0.110809134264074,0.036334736171492,0.202698326604186
0.39813632983404396,0.27987402785469395,0.0232358111217591,0.006929796582127921
0.9918060451457809,0.032220343660361,0.959092535370289,0.000994406664438708
0.8431903060680609,0.587527598566683,0.0246961302275511,0.0019239096494903399
0.398305457136103,0.27968618842390897,0.0229810948491545,0.007186405631894491
0.6362714580715789,0.0432480199586894,0.0571818857485972,0.0041985876491687
0.608633896797231,0.0413867191651747,0.0546093605124376,0.0491810601051982
0.6362714580715789,0.0432480199586894,0.0571818857485972,0.0041985876491687
0.951201716768636,0.950909966153055,0.00170090838217675,0.000652901201449643
0.76398347180324,0.0195469336957364,0.577838958768728,0.00188940830487734
0.848809612541438,0.6831869247810191,0.0185081349280159,0.0178796170369206
0.911658313725142,0.0113384195882405,0.7698585115629091,0.00289051490191009
0.9927331745692042,0.00238535057733647,0.986993021990751,0.0017975963017759801
0.76398347180324,0.0195469336957364,0.577838958768728,0.00188940830487734
0.160574307806314,0.0134593442414849,0.0280118624395618,0.103225191074064
0.177071288801773,0.0148375308014999,0.0309428067280128,0.009295586941792779
0.429985727139557,0.32078652566281896,0.30360244407543,0.00399861993172929
0.5588839757590041,0.00860658362110765,0.480835807438759,0.00510573371793249
0.764528908098833,0.0280499092366088,0.580239062791387,0.0102733425808377
0.6362714580715789,0.0432480199586894,0.0571818857485972,0.0041985876491687
0.178166178059567,0.0149263082069503,0.030914292200412998,0.0106136982250016
0.636160937851304,0.0434756877345561,0.0574062378352365,0.004209863406053321
0.9920904428252021,0.0008839113805108019,0.986338670303628,0.000947996045643442
0.9999041207372099,0.9997931715743009,0.8630472156348449,0.9865099251456791
0.999999989681355,0.999999160086702,0.99999190039212,0.9999975397695919
0.9935936751792671,0.986154581514495,0.00201905853275211,0.000546463501402196
0.6362714580715789,0.0432480199586894,0.0571818857485972,0.0041985876491687
0.9463800485965791,0.9460889451389971,0.00193354816842464,0.007951218998216741
0.9998216590386021,0.98071920145495,0.993993061247693,0.980125819050123
0.160574307806314,0.0134593442414849,0.0280118624395618,0.103225191074064
0.177082959544044,0.0148514440560119,0.0309565573000488,0.00930964468006939
0.9991313612783341,0.890764393564723,0.9984237835167921,0.891059200576864
0.6362714580715789,0.0432480199586894,0.0571818857485972,0.0041985876491687
0.5588461949377621,0.007984349171108409,0.48050996116978006,0.00499228618222799
0.9937292302337758,0.9861392736920279,0.000915667176711325,0.000257961135571446
0.42737647972860204,0.436764564277706,0.0317643432411172,0.00549042665046165
0.76398347180324,0.0195469336957364,0.577838958768728,0.00188940830487734
0.9999972869399351,0.9999556968774491,0.999989677209105,0.999954421227549
0.8431903060680609,0.587527598566683,0.0246961302275511,0.0019239096494903399
0.39810316516171396,0.279444058831466,0.0226526099035543,0.0068526103308847
0.9999686501735258,0.999648766321211,0.9999645722418872,0.999617532286597
0.999999664228345,0.9999726689814841,0.9999915060745109,0.9999710410292929
0.9115064168460849,0.0112469561835753,0.770740670394542,0.0012259568531883698
0.911494054756635,0.0105729113326263,0.770584381550104,0.00103652974023039
0.9884222063313749,0.9696351573072851,0.0436651306858131,0.00696491129553332
0.992299267821808,0.0272621787352476,0.968939276538644,0.00822321303187471
0.9999903589428829,0.9998528704165649,0.9997613853429309,0.999709988431395
0.86112941845606,0.693044523277314,0.0186416256437532,0.00148176697693176
0.9014151369441509,0.0106392346167526,0.76185672196584,0.0125692219660016
0.165201079455992,0.0199118993284779,0.0318886113689543,0.108682407582839
0.9999885600195021,0.9999023086203208,0.998219961147582,0.99823775469238
0.9937367152233109,0.9861558152480442,0.00210821234003925,0.0014512913619140599
0.999997270254751,0.999971136123759,0.999990212888859,0.9999688126988149
0.9725012860529492,0.950398643750477,0.488146833821427,0.467651114930952
0.9437422186915431,0.000796923903348411,0.954285392657095,0.00045691845386999807
0.9242246493837951,0.349434416318554,0.508084532006595,0.0148665474594584
0.8585102657524499,0.694210856165076,0.0223704743970432,0.00167213899979139
0.28546455720521596,0.009586225214655991,0.418583767770608,0.00653509338284158
0.28546455720521596,0.009586225214655991,0.418583767770608,0.00653509338284158
0.843208605170136,0.587799121339307,0.025338154299832997,0.00209477531465262
0.9960792739469041,0.5045479240478279,0.99020482417783,0.504971460873989
0.991295660919182,0.968892167185248,0.0202647999661584,0.000737063450432511
0.999999666280707,0.999958049659204,0.999991334428083,0.9999565926518041
0.999999666280707,0.999958049659204,0.999991334428083,0.9999565926518041
0.177071288801773,0.0148375308014999,0.0309428067280128,0.009295586941792779
0.177071288801773,0.0148375308014999,0.0309428067280128,0.009295586941792779
0.999839166765945,0.9826248615755699,0.99915435946249,0.98207688753669
0.76398347180324,0.0195469336957364,0.577838958768728,0.00188940830487734
0.9937292302337758,0.9861392736920279,0.000915667176711325,0.000257961135571446
0.9935936751792671,0.986154581514495,0.00201905853275211,0.000546463501402196
0.6362714580715789,0.0432480199586894,0.0571818857485972,0.0041985876491687
0.608586339569782,0.041731081863223995,0.0549489732403575,0.0493071594321479
0.8890629490561679,0.6297977087693921,0.41670652714476203,0.277683965860716
0.636160937851304,0.0434756877345561,0.0574062378352365,0.004209863406053321
0.177071288801773,0.0148375308014999,0.0309428067280128,0.009295586941792779
0.9937292302337758,0.9861392736920279,0.000915667176711325,0.000257961135571446
0.160547398862565,0.0139019523866437,0.0284479416464051,0.10321680562819802
0.39813632983404396,0.27987402785469395,0.0232358111217591,0.006929796582127921
0.992720907164838,0.00066610915931878,0.986979939777992,7.73419761243262e-05
0.9937292302337758,0.9861392736920279,0.000915667176711325,0.000257961135571446
0.999998580579383,0.9999869734194929,0.9996146557202241,0.9997590002366291
0.39810316516171396,0.279444058831466,0.0226526099035543,0.0068526103308847
0.999997270254751,0.999971136123759,0.999990212888859,0.9999688126988149
0.99367502331783,0.988073752722233,0.868952075820353,0.8647552307770621
0.8585102657524499,0.694210856165076,0.0223704743970432,0.00167213899979139
0.177234140728283,0.0150826640976785,0.0309591338798822,0.00954209921352927
0.178166178059567,0.0149263082069503,0.030914292200412998,0.0106136982250016
0.999999508420003,0.999960115009138,0.9999546906491309,0.99988279468354
0.6362714580715789,0.0432480199586894,0.0571818857485972,0.0041985876491687
0.414043422329742,0.18841047612722003,0.34343529859356603,0.004696761413680021
0.9927331745692042,0.00238535057733647,0.986993021990751,0.0017975963017759801
0.9985792111476309,0.9749771218541141,0.998414302242093,0.974049274593703
0.9937292302337758,0.9861392736920279,0.000915667176711325,0.000257961135571446
0.911494054756635,0.0105729113326263,0.770584381550104,0.00103652974023039
0.912933232354267,0.12661512081980497,0.7897811456188231,0.127925474801208
0.999999881456909,0.99998973390791,0.999982919099141,0.999969819021321
0.958519486512259,0.9266870425124849,0.243440777972397,0.18139930746629998
0.177071288801773,0.0148375308014999,0.0309428067280128,0.009295586941792779
0.999990690024162,0.998973599079558,0.9989251035481541,0.9979412018867171
0.9437422186915431,0.000796923903348411,0.954285392657095,0.00045691845386999807
0.16242367174788902,0.0161784601972584,0.0282007949989586,0.10569689325628301
0.999999881456909,0.99998973390791,0.999982919099141,0.999969819021321
0.86112941845606,0.693044523277314,0.0186416256437532,0.00148176697693176
0.992720907164838,0.00066610915931878,0.986979939777992,7.73419761243262e-05
0.17716011160348397,0.0154773597729211,0.0315722406073978,0.00948543262732801
0.5588461949377621,0.007984349171108409,0.48050996116978006,0.00499228618222799
0.177071288801773,0.0148375308014999,0.0309428067280128,0.009295586941792779
0.999996236241235,0.999487485843999,0.999976655148549,0.99946774412302
0.9937292302337758,0.9861392736920279,0.000915667176711325,0.000257961135571446
0.8843811125333969,0.70155257872402,0.29369996055199205,0.34696154756608
0.999999989681355,0.999999160086702,0.99999190039212,0.9999975397695919
0.6362714580715789,0.0432480199586894,0.0571818857485972,0.0041985876491687
0.76398347180324,0.0195469336957364,0.577838958768728,0.00188940830487734
0.42737647972860204,0.436764564277706,0.0317643432411172,0.00549042665046165
0.76410494163883,0.0200494687729965,0.578056281437513,0.00240322184128662
0.177071288801773,0.0148375308014999,0.0309428067280128,0.009295586941792779
0.82704248315192,0.576357351048153,0.0243225308369289,0.0231014927013939
0.177071288801773,0.0148375308014999,0.0309428067280128,0.009295586941792779
0.764207557771102,0.0286736224359976,0.5817696397653709,0.00892276783363652
0.177071288801773,0.0148375308014999,0.0309428067280128,0.009295586941792779
0.178166178059567,0.0149263082069503,0.030914292200412998,0.0106136982250016
0.432702788498185,0.42931108494402,0.018951363090933,0.00546421983634302
0.636160937851304,0.0434756877345561,0.0574062378352365,0.004209863406053321
0.6362714580715789,0.0432480199586894,0.0571818857485972,0.0041985876491687
0.177071288801773,0.0148375308014999,0.0309428067280128,0.009295586941792779
0.9937292302337758,0.9861392736920279,0.000915667176711325,0.000257961135571446
0.9433380380799671,0.0020408559726929998,0.9543423038771179,0.000687730449768613
0.414043422329742,0.18841047612722003,0.34343529859356603,0.004696761413680021
0.5588461949377621,0.007984349171108409,0.48050996116978006,0.00499228618222799
0.9920577799702829,0.00448359657914685,0.9863878902960409,0.00392080635438791
0.8466125751254201,0.6850552035697479,0.0242960918535858,0.0201342446104011
0.177071288801773,0.0148375308014999,0.0309428067280128,0.009295586941792779
0.177001716390758,0.0152878991772255,0.0313858125547312,0.00929475273392114
0.6362714580715789,0.0432480199586894,0.0571818857485972,0.0041985876491687
0.992720907164838,0.00066610915931878,0.986979939777992,7.73419761243262e-05
0.177071288801773,0.0148375308014999,0.0309428067280128,0.009295586941792779
0.843208605170136,0.587799121339307,0.025338154299832997,0.00209477531465262
0.999999036270825,0.9999892026788829,0.99998248891205,0.999968978948808
0.9927282622581171,0.00167175430025139,0.9869930973351559,0.0010878242095617699
0.8843811125333969,0.70155257872402,0.29369996055199205,0.34696154756608
0.993178767964111,0.985706359365766,0.0155611088280026,0.0175178023309107
0.9920904428252021,0.0008839113805108019,0.986338670303628,0.000947996045643442
0.636289993044972,0.0432965650396925,0.0572299373583195,0.00424933960238625
0.9323926635643279,0.364202313547697,0.518859281968381,0.0271046240353251
0.177001716390758,0.0152878991772255,0.0313858125547312,0.00929475273392114
0.999997270254751,0.999971136123759,0.999990212888859,0.9999688126988149
0.8433018886270369,0.5878210152715361,0.0253901439229635,0.00263412776431085
0.992665876357958,0.00153791678315791,0.986991298331793,0.000320754401709168
0.992720907164838,0.00066610915931878,0.986979939777992,7.73419761243262e-05
0.9937292302337758,0.9861392736920279,0.000915667176711325,0.000257961135571446
0.9999990849412841,0.9999245566074642,0.99992099204771,0.999779015133097
0.160547398862565,0.0139019523866437,0.0284479416464051,0.10321680562819802
0.999999869481581,0.9999989107362149,0.9998172378562741,0.9999803508764079
0.8431903060680609,0.587527598566683,0.0246961302275511,0.0019239096494903399
0.6362714580715789,0.0432480199586894,0.0571818857485972,0.0041985876491687
0.911494054756635,0.0105729113326263,0.770584381550104,0.00103652974023039
0.177071288801773,0.0148375308014999,0.0309428067280128,0.009295586941792779
0.9437422186915431,0.000796923903348411,0.954285392657095,0.00045691845386999807
0.8597994474502609,0.498946983939969,0.30006337030999797,0.0012964794017362
0.608633896797231,0.0413867191651747,0.0546093605124376,0.0491810601051982
0.911494054756635,0.0105729113326263,0.770584381550104,0.00103652974023039
0.622535267395346,0.28673975318653805,0.34723588641884995,0.0039622291276974
0.9999955383335879,0.9999529335319692,0.9995671021986351,0.9998655084450409
0.9391296784443399,0.000999785127884131,0.9496038898934251,0.00557670978361557
0.999993787091016,0.9999489175399721,0.9989784450152521,0.99906466675282
0.9915199422564079,0.969693646109394,0.0455093559895799,0.0264847850623363
0.177001716390758,0.0152878991772255,0.0313858125547312,0.00929475273392114
0.935299310640942,0.9228472575429351,0.0575595791437352,0.030000892036001
0.8433018886270369,0.5878210152715361,0.0253901439229635,0.00263412776431085
0.177071288801773,0.0148375308014999,0.0309428067280128,0.009295586941792779
0.636289993044972,0.0432965650396925,0.0572299373583195,0.00424933960238625
0.9999990849412841,0.9999245566074642,0.99992099204771,0.999779015133097
0.992720907164838,0.00066610915931878,0.986979939777992,7.73419761243262e-05
0.748668616721313,0.0192854146350076,0.565902260501288,0.0226958511181591
0.5588461949377621,0.007984349171108409,0.48050996116978006,0.00499228618222799
0.9962080310226491,0.583308491828896,0.602102814530555,0.161447046244485
0.177071288801773,0.0148375308014999,0.0309428067280128,0.009295586941792779
0.8612422778115191,0.693293916813844,0.0194391765078581,0.0022932636741444397
0.992665876357958,0.00153791678315791,0.986991298331793,0.000320754401709168
0.608633896797231,0.0413867191651747,0.0546093605124376,0.0491810601051982
0.9997765605155949,0.9981388034126469,0.989916820844331,0.9971731654580459
0.177001716390758,0.0152878991772255,0.0313858125547312,0.00929475273392114
0.9937367152233109,0.9861558152480442,0.00210821234003925,0.0014512913619140599
0.6362714580715789,0.0432480199586894,0.0571818857485972,0.0041985876491687
0.177082959544044,0.0148514440560119,0.0309565573000488,0.00930964468006939
0.9115064168460849,0.0112469561835753,0.770740670394542,0.0012259568531883698
0.9023503418579281,0.0199848611244223,0.764115838639188,0.0219363615839989
0.992865370412034,0.0204992150384559,0.9693786968359029,0.0006754055148334901
0.636160937851304,0.0434756877345561,0.0574062378352365,0.004209863406053321
0.9937292302337758,0.9861392736920279,0.000915667176711325,0.000257961135571446
0.748668616721313,0.0192854146350076,0.565902260501288,0.0226958511181591
0.636160937851304,0.0434756877345561,0.0574062378352365,0.004209863406053321
0.8585102657524499,0.694210856165076,0.0223704743970432,0.00167213899979139
0.992967424083591,0.98556026876268,0.00549684917684424,0.00666292267815075
0.177082959544044,0.0148514440560119,0.0309565573000488,0.00930964468006939
0.6362714580715789,0.0432480199586894,0.0571818857485972,0.0041985876491687
0.608867382343766,0.0419561626816772,0.055173451171064,0.0497483896932406
0.160547398862565,0.0139019523866437,0.0284479416464051,0.10321680562819802
0.9999993431872809,0.999998312053386,0.999484435654147,0.9999473018745859
0.6365299693763,0.0439767128195695,0.0572246245114908,0.00495702180469885
0.6362714580715789,0.0432480199586894,0.0571818857485972,0.0041985876491687
0.9115639002849131,0.011350424420663998,0.770765429397472,0.00182488141006004
0.992720907164838,0.00066610915931878,0.986979939777992,7.73419761243262e-05
0.636160937851304,0.0434756877345561,0.0574062378352365,0.004209863406053321
0.636160937851304,0.0434756877345561,0.0574062378352365,0.004209863406053321
0.911658313725142,0.0113384195882405,0.7698585115629091,0.00289051490191009
0.9937292302337758,0.9861392736920279,0.000915667176711325,0.000257961135571446
0.999999989681355,0.999999160086702,0.99999190039212,0.9999975397695919
0.9937292302337758,0.9861392736920279,0.000915667176711325,0.000257961135571446
0.177071288801773,0.0148375308014999,0.0309428067280128,0.009295586941792779
0.8433018886270369,0.5878210152715361,0.0253901439229635,0.00263412776431085
0.999996236241235,0.999487485843999,0.999976655148549,0.99946774412302
0.941831397966062,0.349264442095493,0.8485453689306679,0.343485851503043
0.992720907164838,0.00066610915931878,0.986979939777992,7.73419761243262e-05
0.160574307806314,0.0134593442414849,0.0280118624395618,0.103225191074064
0.177071288801773,0.0148375308014999,0.0309428067280128,0.009295586941792779
0.911494054756635,0.0105729113326263,0.770584381550104,0.00103652974023039
0.39810316516171396,0.279444058831466,0.0226526099035543,0.0068526103308847
0.9937292302337758,0.9861392736920279,0.000915667176711325,0.000257961135571446
0.636160937851304,0.0434756877345561,0.0574062378352365,0.004209863406053321
0.999990690024162,0.998973599079558,0.9989251035481541,0.9979412018867171
0.9463800485965791,0.9460889451389971,0.00193354816842464,0.007951218998216741
0.9463800485965791,0.9460889451389971,0.00193354816842464,0.007951218998216741
0.160574307806314,0.0134593442414849,0.0280118624395618,0.103225191074064
0.999999989681355,0.999999160086702,0.99999190039212,0.9999975397695919
0.9855764103744449,0.8786555638119979,0.9082509417418191,0.8132831573862159
0.284776521627662,0.00936706849036604,0.418815322684908,0.00557847295526595
0.9920577799702829,0.00448359657914685,0.9863878902960409,0.00392080635438791
0.639134249361067,0.0684960298020532,0.0770727815734537,0.12328134967616199
0.99962889539097,0.996830963018861,0.99743795019317,0.995195961430104
0.8431903060680609,0.587527598566683,0.0246961302275511,0.0019239096494903399
0.6362714580715789,0.0432480199586894,0.0571818857485972,0.0041985876491687
0.911494054756635,0.0105729113326263,0.770584381550104,0.00103652974023039
0.911494054756635,0.0105729113326263,0.770584381550104,0.00103652974023039
0.8200045169407819,0.5279295274277059,0.34054999180200396,0.00420526659738755
0.177001716390758,0.0152878991772255,0.0313858125547312,0.00929475273392114
0.9920577799702829,0.00448359657914685,0.9863878902960409,0.00392080635438791
0.999999869481581,0.9999989107362149,0.9998172378562741,0.9999803508764079
0.862288145354407,0.7029965986546789,0.0399797402470506,0.0303554709093081
0.9776594477498941,0.9780581412202959,0.519833560978744,0.596235351399005
0.86112941845606,0.693044523277314,0.0186416256437532,0.00148176697693176
0.638004399048696,0.0434305691549382,0.0569547636728504,0.00894296394525105
0.6362714580715789,0.0432480199586894,0.0571818857485972,0.0041985876491687
0.636289993044972,0.0432965650396925,0.0572299373583195,0.00424933960238625
0.8612422778115191,0.693293916813844,0.0194391765078581,0.0022932636741444397
0.993079052823109,0.985497447321909,0.00117016748455516,0.00315546475523381
0.6362714580715789,0.0432480199586894,0.0571818857485972,0.0041985876491687
0.9115064168460849,0.0112469561835753,0.770740670394542,0.0012259568531883698
0.39810316516171396,0.279444058831466,0.0226526099035543,0.0068526103308847
0.9937292302337758,0.9861392736920279,0.000915667176711325,0.000257961135571446
0.993079052823109,0.985497447321909,0.00117016748455516,0.00315546475523381
0.9115064168460849,0.0112469561835753,0.770740670394542,0.0012259568531883698
0.177071288801773,0.0148375308014999,0.0309428067280128,0.009295586941792779
0.911494054756635,0.0105729113326263,0.770584381550104,0.00103652974023039
0.992720907164838,0.00066610915931878,0.986979939777992,7.73419761243262e-05
0.8431903060680609,0.587527598566683,0.0246961302275511,0.0019239096494903399
0.76398347180324,0.0195469336957364,0.577838958768728,0.00188940830487734
0.9968472148327472,0.986875554283351,0.980279696559744,0.978767256692216
0.177082959544044,0.0148514440560119,0.0309565573000488,0.00930964468006939
0.9999961437253722,0.9996660381455641,0.9999785659816819,0.999644850663684
0.9930874925048649,0.0509900486017999,0.9703320319984201,0.0317874476635808
0.999999508420003,0.999960115009138,0.9999546906491309,0.99988279468354
0.99998413194652,0.998011702606467,0.999929303283163,0.9979360194739879
0.999911736093408,0.9998087642595309,0.9760381164714129,0.986258638638905
0.6365299693763,0.0439767128195695,0.0572246245114908,0.00495702180469885
0.9995547894035021,0.9510380253457901,0.948597519428827,0.901546488653601
0.55905970938564,0.00846244870390905,0.48076139363293996,0.00547386854502284
0.999998814096909,0.9998601081387779,0.999767245511572,0.9997183718804459
0.992720907164838,0.00066610915931878,0.986979939777992,7.73419761243262e-05
0.9937292302337758,0.9861392736920279,0.000915667176711325,0.000257961135571446
0.992720907164838,0.00066610915931878,0.986979939777992,7.73419761243262e-05
0.992865370412034,0.0204992150384559,0.9693786968359029,0.0006754055148334901
0.638004399048696,0.0434305691549382,0.0569547636728504,0.00894296394525105
0.6362714580715789,0.0432480199586894,0.0571818857485972,0.0041985876491687
0.86112941845606,0.693044523277314,0.0186416256437532,0.00148176697693176
0.999999989681355,0.999999160086702,0.99999190039212,0.9999975397695919
0.999999664228345,0.9999726689814841,0.9999915060745109,0.9999710410292929
0.992720907164838,0.00066610915931878,0.986979939777992,7.73419761243262e-05
0.284776521627662,0.00936706849036604,0.418815322684908,0.00557847295526595
0.999999664228345,0.9999726689814841,0.9999915060745109,0.9999710410292929
0.999999881456909,0.99998973390791,0.999982919099141,0.999969819021321
0.999999881456909,0.99998973390791,0.999982919099141,0.999969819021321
0.284776521627662,0.00936706849036604,0.418815322684908,0.00557847295526595
0.995384571643523,0.4172213810958979,0.9792774051430981,0.40581491380798296
0.993079052823109,0.985497447321909,0.00117016748455516,0.00315546475523381
0.5299824651820729,0.0094932979559329,0.45601871648751197,0.05922904234327099
0.177071288801773,0.0148375308014999,0.0309428067280128,0.009295586941792779
0.160547398862565,0.0139019523866437,0.0284479416464051,0.10321680562819802
0.992665876357958,0.00153791678315791,0.986991298331793,0.000320754401709168
0.5588461949377621,0.007984349171108409,0.48050996116978006,0.00499228618222799
0.177071288801773,0.0148375308014999,0.0309428067280128,0.009295586941792779
0.177071288801773,0.0148375308014999,0.0309428067280128,0.009295586941792779
0.160574307806314,0.0134593442414849,0.0280118624395618,0.103225191074064
0.9937292302337758,0.9861392736920279,0.000915667176711325,0.000257961135571446
0.911494054756635,0.0105729113326263,0.770584381550104,0.00103652974023039
0.999995488847145,0.999428524432583,0.999881951790275,0.9994192400084201
0.636289993044972,0.0432965650396925,0.0572299373583195,0.00424933960238625
0.999998259914093,0.99998518629503,0.997514482244655,0.9997433217312109
0.42737647972860204,0.436764564277706,0.0317643432411172,0.00549042665046165
0.9999137498082629,0.9990326085124309,0.9990780310236991,0.99722065311075
0.992720907164838,0.00066610915931878,0.986979939777992,7.73419761243262e-05
0.992720907164838,0.00066610915931878,0.986979939777992,7.73419761243262e-05
0.9927282622581171,0.00167175430025139,0.9869930973351559,0.0010878242095617699
0.76398347180324,0.0195469336957364,0.577838958768728,0.00188940830487734
0.8597994474502609,0.498946983939969,0.30006337030999797,0.0012964794017362
0.9920904428252021,0.0008839113805108019,0.986338670303628,0.000947996045643442
0.9999993431872809,0.999998312053386,0.999484435654147,0.9999473018745859
0.160574307806314,0.0134593442414849,0.0280118624395618,0.103225191074064
0.608586339569782,0.041731081863223995,0.0549489732403575,0.0493071594321479
0.8517331770208959,0.38407423271702296,0.3636497480852321,0.00144720486575014
0.999942012914721,0.999849058419021,0.9949932820851959,0.9952875651989399
0.9937292302337758,0.9861392736920279,0.000915667176711325,0.000257961135571446
0.160574307806314,0.0134593442414849,0.0280118624395618,0.103225191074064
0.992865370412034,0.0204992150384559,0.9693786968359029,0.0006754055148334901
0.9115639002849131,0.011350424420663998,0.770765429397472,0.00182488141006004
0.9937292302337758,0.9861392736920279,0.000915667176711325,0.000257961135571446
0.9935936751792671,0.986154581514495,0.00201905853275211,0.000546463501402196
0.992720907164838,0.00066610915931878,0.986979939777992,7.73419761243262e-05
0.5588461949377621,0.007984349171108409,0.48050996116978006,0.00499228618222799
0.177001716390758,0.0152878991772255,0.0313858125547312,0.00929475273392114
0.999999989681355,0.999999160086702,0.99999190039212,0.9999975397695919
0.76398347180324,0.0195469336957364,0.577838958768728,0.00188940830487734
0.177001716390758,0.0152878991772255,0.0313858125547312,0.00929475273392114
0.933370609022451,0.9206062333988051,0.0370281446121502,0.00108560739223521
0.999839166765945,0.9826248615755699,0.99915435946249,0.98207688753669
0.911658313725142,0.0113384195882405,0.7698585115629091,0.00289051490191009
0.997212961559319,0.617270276768464,0.987955609838943,0.6096285459350339
0.17872044294906303,0.0155878368097833,0.0315678748106377,0.0112809722095731
0.638004399048696,0.0434305691549382,0.0569547636728504,0.00894296394525105
0.992720907164838,0.00066610915931878,0.986979939777992,7.73419761243262e-05
0.636289993044972,0.0432965650396925,0.0572299373583195,0.00424933960238625
0.951201716768636,0.950909966153055,0.00170090838217675,0.000652901201449643
0.9935936751792671,0.986154581514495,0.00201905853275211,0.000546463501402196
0.9999041207372099,0.9997931715743009,0.8630472156348449,0.9865099251456791
0.997437339814104,0.9944731050116241,0.595443046113654,0.601032392290378
0.9937292302337758,0.9861392736920279,0.000915667176711325,0.000257961135571446
0.4030785937497321,0.19782069239210998,0.341566467147681,0.067615175926609
0.9343544811198861,0.266132104552342,0.5917068230926391,0.0201481970944977
0.9937292302337758,0.9861392736920279,0.000915667176711325,0.000257961135571446
0.862511807235163,0.696748547687834,0.019783825032036,0.0135308626599773
0.9437962619335319,0.00175287468059689,0.954329313209905,0.00141723480024624
0.177071288801773,0.0148375308014999,0.0309428067280128,0.009295586941792779
0.9977015697606991,0.728533621467522,0.7412953749069409,0.45334453076485404
0.636160937851304,0.0434756877345561,0.0574062378352365,0.004209863406053321
0.9937292302337758,0.9861392736920279,0.000915667176711325,0.000257961135571446
0.177071288801773,0.0148375308014999,0.0309428067280128,0.009295586941792779
0.160574307806314,0.0134593442414849,0.0280118624395618,0.103225191074064
0.622535267395346,0.28673975318653805,0.34723588641884995,0.0039622291276974
0.999993787091016,0.9999489175399721,0.9989784450152521,0.99906466675282
0.39810316516171396,0.279444058831466,0.0226526099035543,0.0068526103308847
0.284776521627662,0.00936706849036604,0.418815322684908,0.00557847295526595
0.999999989681355,0.999999160086702,0.99999190039212,0.9999975397695919
0.999456562803022,0.9989980481483729,0.9889903582220301,0.988179339528565
0.6362714580715789,0.0432480199586894,0.0571818857485972,0.0041985876491687
0.992720907164838,0.00066610915931878,0.986979939777992,7.73419761243262e-05
0.999982288729427,0.997779100427102,0.999540097029634,0.99769626649435
0.177234140728283,0.0150826640976785,0.0309591338798822,0.00954209921352927
0.177071288801773,0.0148375308014999,0.0309428067280128,0.009295586941792779
0.608633896797231,0.0413867191651747,0.0546093605124376,0.0491810601051982
0.177071288801773,0.0148375308014999,0.0309428067280128,0.009295586941792779
0.6362714580715789,0.0432480199586894,0.0571818857485972,0.0041985876491687
0.636160937851304,0.0434756877345561,0.0574062378352365,0.004209863406053321
0.999978627854987,0.9999450756071759,0.9994593545810121,0.999889395918368
0.951201716768636,0.950909966153055,0.00170090838217675,0.000652901201449643
0.434880124696368,0.430795353998205,0.0192423436005566,0.00928133494044661
0.9437422186915431,0.000796923903348411,0.954285392657095,0.00045691845386999807
0.764207557771102,0.0286736224359976,0.5817696397653709,0.00892276783363652
0.911494054756635,0.0105729113326263,0.770584381550104,0.00103652974023039
0.9937292302337758,0.9861392736920279,0.000915667176711325,0.000257961135571446
0.636160937851304,0.0434756877345561,0.0574062378352365,0.004209863406053321
0.5588461949377621,0.007984349171108409,0.48050996116978006,0.00499228618222799
0.268153640274983,0.00886800637552103,0.394085511901351,0.06438872663080099
0.9921873031169429,0.013068988437655,0.986505984899407,0.0131836997377137
0.177071288801773,0.0148375308014999,0.0309428067280128,0.009295586941792779
0.993079052823109,0.985497447321909,0.00117016748455516,0.00315546475523381
0.911494054756635,0.0105729113326263,0.770584381550104,0.00103652974023039
0.177071288801773,0.0148375308014999,0.0309428067280128,0.009295586941792779
0.9937292302337758,0.9861392736920279,0.000915667176711325,0.000257961135571446
0.913052300895525,0.923969135100167,0.0778169852161485,0.0068088433065902395
0.76398347180324,0.0195469336957364,0.577838958768728,0.00188940830487734
0.992720907164838,0.00066610915931878,0.986979939777992,7.73419761243262e-05
0.992665876357958,0.00153791678315791,0.986991298331793,0.000320754401709168
0.999999916111628,0.9999991129781809,0.999991860650932,0.999997471288352
0.999999666280707,0.999958049659204,0.999991334428083,0.9999565926518041
0.999990690024162,0.998973599079558,0.9989251035481541,0.9979412018867171
0.6365299693763,0.0439767128195695,0.0572246245114908,0.00495702180469885
0.9999961437253722,0.9996660381455641,0.9999785659816819,0.999644850663684
0.9964370030254509,0.9922641434796301,0.440404154900992,0.44413528755941295
0.999984023608607,0.9987037344304541,0.999936911310505,0.998622099742399
0.86112941845606,0.693044523277314,0.0186416256437532,0.00148176697693176
0.997171378556073,0.997529266843621,0.9695844709934641,0.9677248428386078
0.398305457136103,0.27968618842390897,0.0229810948491545,0.007186405631894491
0.999757338464546,0.9960358805691171,0.999722427516177,0.995921738985703
0.8585102657524499,0.694210856165076,0.0223704743970432,0.00167213899979139
0.160574307806314,0.0134593442414849,0.0280118624395618,0.103225191074064
0.993297312115295,0.9766982455088721,0.22613076490518802,0.28455495988846197
0.283177573874181,0.0154617925104461,0.42239097629006,0.005590115166216029
0.9935936751792671,0.986154581514495,0.00201905853275211,0.000546463501402196
0.9014151369441509,0.0106392346167526,0.76185672196584,0.0125692219660016
0.177001716390758,0.0152878991772255,0.0313858125547312,0.00929475273392114
0.999989154741268,0.9986366916480299,0.999973113818727,0.9986403709690408
0.9115639002849131,0.011350424420663998,0.770765429397472,0.00182488141006004
0.432702788498185,0.42931108494402,0.018951363090933,0.00546421983634302
0.999999451192967,0.9999554388619009,0.999569214211636,0.9998691501722621
0.999999989681355,0.999999160086702,0.99999190039212,0.9999975397695919
0.9927282622581171,0.00167175430025139,0.9869930973351559,0.0010878242095617699
0.999999989681355,0.999999160086702,0.99999190039212,0.9999975397695919
0.9997190071808351,0.9971459386281278,0.9897227327304499,0.9962411549419521
0.9999541490536641,0.9994864285802629,0.999506975105754,0.9985241242137851
0.76398347180324,0.0195469336957364,0.577838958768728,0.00188940830487734
0.6118820892519069,0.0498698043075369,0.0551287033068943,0.0575951705534427
0.6362714580715789,0.0432480199586894,0.0571818857485972,0.0041985876491687
0.999999881456909,0.99998973390791,0.999982919099141,0.999969819021321
0.748668616721313,0.0192854146350076,0.565902260501288,0.0226958511181591
0.5588839757590041,0.00860658362110765,0.480835807438759,0.00510573371793249
0.999999989681355,0.999999160086702,0.99999190039212,0.9999975397695919
0.636289993044972,0.0432965650396925,0.0572299373583195,0.00424933960238625
0.76398347180324,0.0195469336957364,0.577838958768728,0.00188940830487734
0.999528772214129,0.9995810869636801,0.9947745574702671,0.994899873747908
0.177071288801773,0.0148375308014999,0.0309428067280128,0.009295586941792779
0.747657899261138,0.0229239901107688,0.567512818162604,0.0240964680435654
0.8843811125333969,0.70155257872402,0.29369996055199205,0.34696154756608
0.9516303543569429,0.951280731348025,0.0026989315995269198,0.00943103235577594
0.992720907164838,0.00066610915931878,0.986979939777992,7.73419761243262e-05
0.9920904428252021,0.0008839113805108019,0.986338670303628,0.000947996045643442
0.177071288801773,0.0148375308014999,0.0309428067280128,0.009295586941792779
0.6362714580715789,0.0432480199586894,0.0571818857485972,0.0041985876491687
0.9999998943734499,0.999988552199165,0.99988960444125,0.9999770375198521
0.9999998943734499,0.999988552199165,0.99988960444125,0.9999770375198521
0.999998580579383,0.9999869734194929,0.9996146557202241,0.9997590002366291
0.911494054756635,0.0105729113326263,0.770584381550104,0.00103652974023039
0.28546455720521596,0.009586225214655991,0.418583767770608,0.00653509338284158
0.177071288801773,0.0148375308014999,0.0309428067280128,0.009295586941792779
0.9455564997076459,0.94636315593234,0.00701006900950128,0.0112637806809418
0.7769548075690821,0.0716024741153082,0.585788291036359,0.0567781643737961
0.9999998943734499,0.999988552199165,0.99988960444125,0.9999770375198521
0.999999989681355,0.999999160086702,0.99999190039212,0.9999975397695919
0.903091188882312,0.785996439418619,0.317207532588137,0.370488339368984
0.8431903060680609,0.587527598566683,0.0246961302275511,0.0019239096494903399
0.849409866544342,0.602062995835053,0.0569098151929067,0.0415107209134732
0.86112941845606,0.693044523277314,0.0186416256437532,0.00148176697693176
0.9115064168460849,0.0112469561835753,0.770740670394542,0.0012259568531883698
0.999999666280707,0.999958049659204,0.999991334428083,0.9999565926518041
0.177071288801773,0.0148375308014999,0.0309428067280128,0.009295586941792779
0.9921500535468609,0.0727909770793645,0.9605327743949441,0.0429358528827943
0.82704248315192,0.576357351048153,0.0243225308369289,0.0231014927013939
0.993079052823109,0.985497447321909,0.00117016748455516,0.00315546475523381
0.284776521627662,0.00936706849036604,0.418815322684908,0.00557847295526595
0.629414745253082,0.0435200317816754,0.0522147187955753,0.0996678655214289
0.8433018886270369,0.5878210152715361,0.0253901439229635,0.00263412776431085
0.5588461949377621,0.007984349171108409,0.48050996116978006,0.00499228618222799
0.39810316516171396,0.279444058831466,0.0226526099035543,0.0068526103308847
0.284776521627662,0.00936706849036604,0.418815322684908,0.00557847295526595
0.992720907164838,0.00066610915931878,0.986979939777992,7.73419761243262e-05
0.9937292302337758,0.9861392736920279,0.000915667176711325,0.000257961135571446
0.992186781953125,0.0771849536251969,0.9609933281669809,0.0474138719834324
0.9937367152233109,0.9861558152480442,0.00210821234003925,0.0014512913619140599
0.973709004658125,0.944597583265478,0.957064910940478,0.936969157873651
0.9930620220979309,0.0472430076719823,0.9875276786650609,0.0469361179207043
0.432702788498185,0.42931108494402,0.018951363090933,0.00546421983634302
0.999999141279371,0.999987910130443,0.999889062854532,0.9999763537952501
0.999999664228345,0.9999726689814841,0.9999915060745109,0.9999710410292929
0.999998814096909,0.9998601081387779,0.999767245511572,0.9997183718804459
0.284776521627662,0.00936706849036604,0.418815322684908,0.00557847295526595
0.283177573874181,0.0154617925104461,0.42239097629006,0.005590115166216029
0.17822693871019601,0.0155326614525733,0.0315108041863757,0.0107696454586204
0.994464804808048,0.30077208014624296,0.9776739495345029,0.287123539671982
0.992720907164838,0.00066610915931878,0.986979939777992,7.73419761243262e-05
0.6362714580715789,0.0432480199586894,0.0571818857485972,0.0041985876491687
0.8585102657524499,0.694210856165076,0.0223704743970432,0.00167213899979139
0.951201716768636,0.950909966153055,0.00170090838217675,0.000652901201449643
0.7645915912246841,0.020107696208141998,0.5768090196070489,0.00446113681981102
0.9999955383335879,0.9999529335319692,0.9995671021986351,0.9998655084450409
0.177001716390758,0.0152878991772255,0.0313858125547312,0.00929475273392114
0.608633896797231,0.0413867191651747,0.0546093605124376,0.0491810601051982
0.9999990849412841,0.9999245566074642,0.99992099204771,0.999779015133097
0.6362714580715789,0.0432480199586894,0.0571818857485972,0.0041985876491687
0.999999666280707,0.999958049659204,0.999991334428083,0.9999565926518041
0.9999993431872809,0.999998312053386,0.999484435654147,0.9999473018745859
0.992250992215744,0.0215521278651966,0.986509240737652,0.0216148868428066
0.86112941845606,0.693044523277314,0.0186416256437532,0.00148176697693176
0.911494054756635,0.0105729113326263,0.770584381550104,0.00103652974023039
0.999999989681355,0.999999160086702,0.99999190039212,0.9999975397695919
0.992720907164838,0.00066610915931878,0.986979939777992,7.73419761243262e-05
0.9927331745692042,0.00238535057733647,0.986993021990751,0.0017975963017759801
0.9927279551882621,0.00156927460528768,0.9869271289443271,0.00104552282990005
0.999999141279371,0.999987910130443,0.999889062854532,0.9999763537952501
0.9920904428252021,0.0008839113805108019,0.986338670303628,0.000947996045643442
0.284776521627662,0.00936706849036604,0.418815322684908,0.00557847295526595
0.6362714580715789,0.0432480199586894,0.0571818857485972,0.0041985876491687
0.177082959544044,0.0148514440560119,0.0309565573000488,0.00930964468006939
0.17822693871019601,0.0155326614525733,0.0315108041863757,0.0107696454586204
0.999999508420003,0.999960115009138,0.9999546906491309,0.99988279468354
0.6362714580715789,0.0432480199586894,0.0571818857485972,0.0041985876491687
0.6362714580715789,0.0432480199586894,0.0571818857485972,0.0041985876491687
0.9999989389141422,0.9999981510035061,0.9998163412807921,0.9999795351398248
0.8431903060680609,0.587527598566683,0.0246961302275511,0.0019239096494903399
0.6362714580715789,0.0432480199586894,0.0571818857485972,0.0041985876491687
0.99999600357371,0.999957870904929,0.999952797516827,0.9998795326523221
0.8433018886270369,0.5878210152715361,0.0253901439229635,0.00263412776431085
0.7645915912246841,0.020107696208141998,0.5768090196070489,0.00446113681981102
0.9997461404070359,0.9974548924200239,0.9984069271108091,0.996604116789923
0.992967424083591,0.98556026876268,0.00549684917684424,0.00666292267815075
0.177071288801773,0.0148375308014999,0.0309428067280128,0.009295586941792779
0.992720907164838,0.00066610915931878,0.986979939777992,7.73419761243262e-05
0.6362714580715789,0.0432480199586894,0.0571818857485972,0.0041985876491687
0.935299310640942,0.9228472575429351,0.0575595791437352,0.030000892036001
0.9370618192347472,0.0383104181892792,0.9231071968789251,0.0013094371298883198
0.9014151369441509,0.0106392346167526,0.76185672196584,0.0125692219660016
0.411263757985377,0.40806710438990795,0.0225518939841615,0.0675505376740378
0.9935936751792671,0.986154581514495,0.00201905853275211,0.000546463501402196
0.993079052823109,0.985497447321909,0.00117016748455516,0.00315546475523381
0.972946213958884,0.972808807196496,0.0528105569161305,0.44714375790840094
0.7625626108508,0.0218994757154617,0.5788519104568001,0.0020086473816264302
0.9991313612783341,0.890764393564723,0.9984237835167921,0.891059200576864
0.636160937851304,0.0434756877345561,0.0574062378352365,0.004209863406053321
0.6362714580715789,0.0432480199586894,0.0571818857485972,0.0041985876491687
0.999999881456909,0.99998973390791,0.999982919099141,0.999969819021321
0.999999141279371,0.999987910130443,0.999889062854532,0.9999763537952501
0.750213673796328,0.0252895205414504,0.5685714538569039,0.0287051285302552
0.9999998943734499,0.999988552199165,0.99988960444125,0.9999770375198521
0.9999998943734499,0.999988552199165,0.99988960444125,0.9999770375198521
0.86112941845606,0.693044523277314,0.0186416256437532,0.00148176697693176
0.5588461949377621,0.007984349171108409,0.48050996116978006,0.00499228618222799
0.999999989681355,0.999999160086702,0.99999190039212,0.9999975397695919
0.6362714580715789,0.0432480199586894,0.0571818857485972,0.0041985876491687
0.177071288801773,0.0148375308014999,0.0309428067280128,0.009295586941792779
0.999998814096909,0.9998601081387779,0.999767245511572,0.9997183718804459
0.160574307806314,0.0134593442414849,0.0280118624395618,0.103225191074064
0.9937292302337758,0.9861392736920279,0.000915667176711325,0.000257961135571446
0.992720907164838,0.00066610915931878,0.986979939777992,7.73419761243262e-05
0.8431903060680609,0.587527598566683,0.0246961302275511,0.0019239096494903399
0.999998580579383,0.9999869734194929,0.9996146557202241,0.9997590002366291
0.177414039964327,0.0158313527816468,0.0316957540045573,0.0098415139010643
0.843208605170136,0.587799121339307,0.025338154299832997,0.00209477531465262
0.636289993044972,0.0432965650396925,0.0572299373583195,0.00424933960238625
0.608867382343766,0.0419561626816772,0.055173451171064,0.0497483896932406
0.9937292302337758,0.9861392736920279,0.000915667176711325,0.000257961135571446
0.994026850957877,0.943887728827703,0.0483338014183352,0.00161237706812794
0.401041281062878,0.28299792811870195,0.0231100572569858,0.0117509337006425
0.999999664228345,0.9999726689814841,0.9999915060745109,0.9999710410292929
0.432702788498185,0.42931108494402,0.018951363090933,0.00546421983634302
0.992720907164838,0.00066610915931878,0.986979939777992,7.73419761243262e-05
0.177234140728283,0.0150826640976785,0.0309591338798822,0.00954209921352927
0.992720907164838,0.00066610915931878,0.986979939777992,7.73419761243262e-05
0.9969909604620559,0.9946348341252741,0.9949039370671271,0.992841592647521
0.608633896797231,0.0413867191651747,0.0546093605124376,0.0491810601051982
0.9937292302337758,0.9861392736920279,0.000915667176711325,0.000257961135571446
0.9927279551882621,0.00156927460528768,0.9869271289443271,0.00104552282990005
0.636289993044972,0.0432965650396925,0.0572299373583195,0.00424933960238625
0.9937292302337758,0.9861392736920279,0.000915667176711325,0.000257961135571446
0.992720907164838,0.00066610915931878,0.986979939777992,7.73419761243262e-05
0.160574307806314,0.0134593442414849,0.0280118624395618,0.103225191074064
0.6362714580715789,0.0432480199586894,0.0571818857485972,0.0041985876491687
0.9937292302337758,0.9861392736920279,0.000915667176711325,0.000257961135571446
0.9920904428252021,0.0008839113805108019,0.986338670303628,0.000947996045643442
0.99996332647113,0.999396491242729,0.9998593802344871,0.999389927063244
0.911494054756635,0.0105729113326263,0.770584381550104,0.00103652974023039
0.9999418728955491,0.999349761786312,0.99947341242136,0.999123381341173
0.911494054756635,0.0105729113326263,0.770584381550104,0.00103652974023039
0.6362714580715789,0.0432480199586894,0.0571818857485972,0.0041985876491687
0.9999989389141422,0.9999981510035061,0.9998163412807921,0.9999795351398248
0.649589599472953,0.0745360686683023,0.0876301633703202,0.0409627381238068
0.9993908652950602,0.994282843867881,0.9934762147175309,0.9912530225303321
0.7645915912246841,0.020107696208141998,0.5768090196070489,0.00446113681981102
0.432702788498185,0.42931108494402,0.018951363090933,0.00546421983634302
0.6362714580715789,0.0432480199586894,0.0571818857485972,0.0041985876491687
0.9569199035033791,0.956973643174254,0.13910291650097198,0.217632012834578
0.992720907164838,0.00066610915931878,0.986979939777992,7.73419761243262e-05
0.9927279551882621,0.00156927460528768,0.9869271289443271,0.00104552282990005
0.398305457136103,0.27968618842390897,0.0229810948491545,0.007186405631894491
0.284776521627662,0.00936706849036604,0.418815322684908,0.00557847295526595
0.9927282622581171,0.00167175430025139,0.9869930973351559,0.0010878242095617699
0.6362714580715789,0.0432480199586894,0.0571818857485972,0.0041985876491687
0.177001716390758,0.0152878991772255,0.0313858125547312,0.00929475273392114
0.8431903060680609,0.587527598566683,0.0246961302275511,0.0019239096494903399
0.608633896797231,0.0413867191651747,0.0546093605124376,0.0491810601051982
0.9999925608167729,0.9999203257006211,0.999917506934886,0.9997728654192579
0.636289993044972,0.0432965650396925,0.0572299373583195,0.00424933960238625
0.9998250185973421,0.9761788953077951,0.9992482568225491,0.9752548221761541
0.9999568465493481,0.996453570868721,0.996613704301721,0.9895785271690419
0.160547398862565,0.0139019523866437,0.0284479416464051,0.10321680562819802
